<application>
  <component name="FindSettings">
    <option name="customScope" value="All Places" />
    <option name="defaultScopeName" value="All Places" />
    <option name="showResultsInSeparateView" value="true" />
    <option name="SHOW_RESULTS_IN_SEPARATE_VIEW" value="true" />
    <option name="SEARCH_SCOPE" value="All Places" />
    <mask>*.html</mask>
    <mask>*.jsp</mask>
    <mask>*.as</mask>
    <mask>*.css</mask>
    <mask>*.mxml</mask>
    <mask>*.js</mask>
    <mask>*.xml`</mask>
    <mask>*.properties</mask>
    <mask>*.vue</mask>
    <mask>*.groovy</mask>
    <mask>*.vm</mask>
    <mask>*.java</mask>
    <mask>*.xml</mask>
  </component>
</application>