<application>
  <component name="ImportFilteringUsageViewSetting">
    <option name="SHOW_IMPORTS" value="false" />
  </component>
  <component name="ShowUsagesSettings">
    <option name="IS_EXPANDED" value="true" />
    <option name="GROUP_BY_FILE_STRUCTURE" value="true" />
    <option name="GROUP_BY_MODULE" value="true" />
    <option name="GROUP_BY_PACKAGE" value="true" />
    <option name="PREVIEW_USAGES_SPLITTER_PROPORTIONS" value="0.6106958" />
  </component>
  <component name="UsageViewSettings">
    <option name="IS_EXPANDED" value="true" />
    <option name="FLATTEN_MODULES" value="false" />
    <option name="GROUP_BY_PACKAGE" value="false" />
    <option name="GROUP_BY_USAGE_TYPE" value="false" />
    <option name="PREVIEW_USAGES_SPLITTER_PROPORTIONS" value="0.4668942" />
  </component>
</application>