<application>
  <component name="GitRememberedInputs">
    <option name="visitedUrls">
      <list>
        <UrlAndUserName>
          <option name="url" value="git@github.com:orangepoet/JavaInAction.git" />
          <option name="userName" value="" />
        </UrlAndUserName>
      </list>
    </option>
    <option name="cloneParentDir" value="$USER_HOME$/JavaHome" />
  </component>
  <component name="Vcs.Log.App.Settings">
    <option name="COMPACT_REFERENCES_VIEW" value="false" />
    <option name="LABELS_LEFT_ALIGNED" value="true" />
    <option name="SHOW_CHANGES_FROM_PARENTS" value="true" />
    <option name="PREFER_COMMIT_DATE" value="true" />
    <option name="COLUMN_ID_ORDER">
      <list>
        <option value="Default.Root" />
        <option value="Default.Author" />
        <option value="Default.Subject" />
        <option value="Default.Date" />
      </list>
    </option>
  </component>
</application>